message,label
"Congratulations! You won a lottery. Click this link to claim your prize",scam
"URGENT! Your bank account will be blocked. Verify your account now",scam
"Send your OTP to receive your cash reward",scam
"You have won Rs 50000. Click the link to claim your prize",scam
"Your KYC has expired. Update your details immediately",scam
"Your account has been selected for a special reward",scam
"Click this link and enter your password to get your reward",scam
"URGENT! Your account will be suspended today",scam
"You are a lucky winner. Pay a small fee to receive your prize",scam
"Your bank account needs verification. Send your OTP now",scam
"Congratulations! You have won a free gift. Claim now",scam
"Click here immediately to avoid account blocking",scam
"Your mobile number has won a cash prize",scam
"Send your bank details to receive the reward",scam
"Your electricity connection will be disconnected. Pay immediately",scam
"Dear customer, your account is blocked. Verify now",scam
"Free recharge available. Click the link now",scam
"Your ATM card will be blocked. Confirm your PIN",scam
"You have won a lucky draw. Contact us immediately",scam
"Urgent payment required to avoid service suspension",scam
"Hi, are you coming to college tomorrow?",safe
"Your order has been shipped and will arrive tomorrow",safe
"Please attend the meeting at 10 AM tomorrow",safe
"Your payment was successful. Thank you",safe
"Mom, I will come home at 6 PM",safe
"Can you send me the assignment?",safe
"Your class starts at 9 AM tomorrow",safe
"Your food order has been delivered",safe
"Please call me when you are free",safe
"Happy birthday! Have a wonderful day",safe
"Your exam timetable has been published",safe
"Meeting has been postponed to tomorrow",safe
"Thank you for your payment",safe
"Your train ticket has been confirmed",safe
"Please submit the assignment before Friday",safe
"Your parcel is ready for delivery",safe
"See you at college tomorrow",safe
"Can you share the notes with me?",safe
"Your registration has been completed successfully",safe
"Your appointment is confirmed for tomorrow",safe